target_ratio,reached_ratio,count,num_free_cell,free_area
0.5,0.5951736117039207,46,17,1367.1875
0.8,0.8119868559674919,400,140,1865.234375
0.9,0.9412511247594372,3268,1219,2162.17041015625
