num_sensors,quadtree_area,coverage_ratio
1,0.0,0.0
4,0.0,0.0
16,0.0,0.0
64,0.0,0.0
256,0.0,0.0
1024,252.24609375,0.35997443849357086
3235,472.8515625,0.6747952888834186
