count,start_x,start_y,goal_x,goal_y,success,time,path_length,mean_abs_curvature,curvature_energy,mean_clearance,low_clearance_ratio
1,0.0,0.0,75.0,50.0,1,547.2647059978044,146.03086747413585,0.06131732454230853,0.06245304365013037,,
2,60.0,-38.0,75.0,40.0,1,319.5057960001577,87.73829226561628,0.06741292072994796,0.16465826175378578,,
